nombre,lenguaje,estrellas,forks,watchers,fecha_creacion,fecha_actualizacion
build-your-own-x,Markdown,472895,44330,472895,2018-05-09T12:03:18Z,2026-03-06T22:36:35Z
awesome,Desconocido,443117,33401,443117,2014-07-11T13:42:37Z,2026-03-06T22:39:39Z
freeCodeCamp,TypeScript,437843,43524,437843,2014-12-24T17:49:19Z,2026-03-06T22:44:45Z
public-apis,Python,404789,43689,404789,2016-03-20T23:49:42Z,2026-03-06T22:43:48Z
free-programming-books,Python,383680,66012,383680,2013-10-11T06:50:37Z,2026-03-06T21:31:05Z
developer-roadmap,TypeScript,350327,43742,350327,2017-03-15T13:45:52Z,2026-03-06T22:37:50Z
coding-interview-university,Desconocido,337639,81644,337639,2016-06-06T02:34:12Z,2026-03-06T22:20:30Z
system-design-primer,Python,337634,54703,337634,2017-02-26T16:15:28Z,2026-03-06T22:29:04Z
awesome-python,Python,285905,27303,285905,2014-06-27T21:00:06Z,2026-03-06T22:27:27Z
awesome-selfhosted,Desconocido,277988,12688,277988,2015-06-01T02:33:17Z,2026-03-06T22:51:14Z
996.ICU,Desconocido,275670,20951,275670,2019-03-26T07:31:14Z,2026-03-06T21:27:35Z
openclaw,TypeScript,270813,51735,270813,2025-11-24T10:16:47Z,2026-03-06T22:52:11Z
project-based-learning,Desconocido,260387,33909,260387,2017-04-12T05:07:46Z,2026-03-06T22:33:10Z
react,JavaScript,243681,50661,243681,2013-05-24T16:15:54Z,2026-03-06T21:40:08Z
linux,C,221220,60813,221220,2011-09-04T22:48:12Z,2026-03-06T22:33:28Z
Python,Python,218396,50120,218396,2016-07-16T09:44:01Z,2026-03-06T21:28:52Z
vue,TypeScript,209961,33866,209961,2013-07-29T03:24:51Z,2026-03-06T22:25:08Z
the-book-of-secret-knowledge,Desconocido,208940,12556,208940,2018-06-23T10:43:14Z,2026-03-06T22:41:21Z
computer-science,HTML,202181,25121,202181,2014-05-04T00:18:39Z,2026-03-06T22:46:01Z
javascript-algorithms,JavaScript,195747,31113,195747,2018-03-24T07:47:04Z,2026-03-06T21:21:14Z
tensorflow,C++,194017,75221,194017,2015-11-07T01:19:20Z,2026-03-06T22:49:13Z
ohmyzsh,Shell,185150,26307,185150,2009-08-28T18:15:37Z,2026-03-06T22:43:44Z
You-Dont-Know-JS,Desconocido,184466,33630,184466,2013-11-16T02:37:24Z,2026-03-06T21:37:17Z
CS-Notes,Desconocido,183827,51166,183827,2018-02-13T14:56:24Z,2026-03-06T19:17:14Z
vscode,TypeScript,182368,38327,182368,2015-09-03T20:23:38Z,2026-03-06T22:50:55Z
AutoGPT,Python,182227,46204,182227,2023-03-16T09:21:07Z,2026-03-06T22:25:10Z
Python-100-Days,Jupyter Notebook,179331,55479,179331,2018-03-01T16:05:52Z,2026-03-06T18:51:38Z
n8n,TypeScript,177918,55504,177918,2019-06-22T09:24:21Z,2026-03-06T22:49:19Z
flutter,Dart,175452,30084,175452,2015-03-06T22:54:58Z,2026-03-06T22:23:47Z
bootstrap,MDX,174028,79062,174028,2011-07-29T21:19:00Z,2026-03-06T20:16:40Z
gitignore,Desconocido,172865,82788,172865,2010-11-08T20:17:14Z,2026-03-06T21:27:21Z
Microsoft-Activation-Scripts,Batchfile,167903,16158,167903,2020-01-12T23:03:34Z,2026-03-06T22:41:41Z
awesome-go,Go,166726,13019,166726,2014-07-06T13:42:15Z,2026-03-06T22:32:42Z
ollama,Go,164291,14803,164291,2023-06-26T19:39:32Z,2026-03-06T22:48:30Z
stable-diffusion-webui,Python,161523,30124,161523,2022-08-22T14:05:26Z,2026-03-06T19:54:57Z
the-art-of-command-line,Desconocido,160126,14772,160126,2015-05-20T15:11:03Z,2026-03-06T22:39:30Z
transformers,Python,157498,32311,157498,2018-10-29T13:56:00Z,2026-03-06T22:11:05Z
JavaGuide,Java,154083,46126,154083,2018-05-07T13:27:00Z,2026-03-06T20:53:36Z
FreeDomain,HTML,150996,2607,150996,2024-05-30T13:23:00Z,2026-03-06T22:29:10Z
prompts.chat,HTML,150370,19752,150370,2022-12-05T13:54:13Z,2026-03-06T22:40:53Z
yt-dlp,Python,149923,12145,149923,2020-10-26T04:22:55Z,2026-03-06T22:32:54Z
javascript,JavaScript,148099,26775,148099,2012-11-01T23:13:50Z,2026-03-06T21:40:35Z
langflow,Python,145326,8526,145326,2023-02-08T22:28:03Z,2026-03-06T22:09:42Z
HelloGitHub,Python,145032,11175,145032,2016-05-04T06:24:11Z,2026-03-06T22:30:07Z
youtube-dl,Python,139807,10601,139807,2010-10-31T14:35:07Z,2026-03-06T21:34:53Z
next.js,JavaScript,138189,30562,138189,2016-10-05T23:32:51Z,2026-03-06T22:51:21Z
tech-interview-handbook,TypeScript,138012,16470,138012,2016-07-05T05:00:48Z,2026-03-06T22:25:32Z
scrcpy,C,136587,12722,136587,2017-11-21T18:00:27Z,2026-03-06T22:50:28Z
fucking-algorithm,Markdown,132935,23712,132935,2020-02-19T09:01:23Z,2026-03-06T21:03:56Z
go,Go,132924,18845,132924,2014-08-19T04:33:40Z,2026-03-06T22:41:03Z
dify,TypeScript,131477,20480,131477,2023-04-12T07:40:24Z,2026-03-06T20:42:00Z
PowerToys,C#,130266,7753,130266,2019-05-01T17:44:02Z,2026-03-06T22:29:24Z
system-prompts-and-models-of-ai-tools,Desconocido,128979,32896,128979,2025-03-05T16:38:29Z,2026-03-06T22:50:08Z
langchain,Python,128481,21092,128481,2022-10-17T02:58:36Z,2026-03-06T22:42:07Z
30-seconds-of-code,JavaScript,126969,12442,126969,2017-11-29T17:35:03Z,2026-03-06T20:14:01Z
open-webui,Python,125997,17830,125997,2023-10-06T22:08:27Z,2026-03-06T22:27:31Z
react-native,C++,125509,25109,125509,2015-01-09T18:10:16Z,2026-03-06T22:10:08Z
hello-algo,Java,122715,14868,122715,2022-11-04T11:08:34Z,2026-03-06T21:24:27Z
kubernetes,Go,120962,42609,120962,2014-06-06T22:56:04Z,2026-03-06T22:02:27Z
electron,C++,120341,17022,120341,2013-04-12T01:47:36Z,2026-03-06T21:39:50Z
free-for-dev,HTML,118735,12232,118735,2015-03-18T21:06:26Z,2026-03-06T22:29:43Z
excalidraw,TypeScript,118149,12763,118149,2020-01-02T01:04:43Z,2026-03-06T22:40:58Z
opencode,TypeScript,117337,11963,117337,2025-04-30T20:08:00Z,2026-03-06T22:49:47Z
free-programming-books-zh_CN,Desconocido,116409,28332,116409,2013-11-04T01:59:19Z,2026-03-06T21:40:09Z
node,JavaScript,116108,34942,116108,2014-11-26T19:57:11Z,2026-03-06T22:09:08Z
iptv,TypeScript,112494,5678,112494,2018-11-14T22:00:57Z,2026-03-06T22:35:19Z
d3,Shell,112473,22790,112473,2010-09-27T17:22:42Z,2026-03-06T22:25:13Z
three.js,JavaScript,111202,36283,111202,2010-03-23T18:58:01Z,2026-03-06T22:20:33Z
rust,Rust,110973,14587,110973,2010-06-16T20:39:03Z,2026-03-06T22:40:54Z
rustdesk,Rust,108771,16207,108771,2020-09-28T15:36:08Z,2026-03-06T22:26:51Z
axios,JavaScript,108588,11535,108588,2014-08-18T22:30:27Z,2026-03-06T21:51:05Z
TypeScript,TypeScript,108035,13262,108035,2014-06-17T15:28:39Z,2026-03-06T22:38:12Z
ui,TypeScript,107855,8021,107855,2023-01-04T12:43:27Z,2026-03-06T22:47:27Z
Awesome-Hacking,Desconocido,107854,10043,107854,2016-03-30T15:47:10Z,2026-03-06T22:30:13Z
generative-ai-for-beginners,Jupyter Notebook,107611,57694,107611,2023-06-19T16:28:59Z,2026-03-06T22:33:13Z
godot,C++,107438,24538,107438,2014-01-04T16:05:36Z,2026-03-06T22:31:58Z
GitHub-Chinese-Top-Charts,Java,106623,13529,106623,2019-09-05T03:01:56Z,2026-03-06T19:58:37Z
deno,Rust,106314,5912,106314,2018-05-15T01:34:26Z,2026-03-06T22:23:22Z
nodebestpractices,Dockerfile,105151,10687,105151,2017-09-15T08:33:19Z,2026-03-06T20:13:36Z
ComfyUI,Python,105043,12041,105043,2023-01-17T03:15:56Z,2026-03-06T22:31:53Z
frp,Go,104934,14921,104934,2015-12-21T15:24:59Z,2026-03-06T22:22:48Z
papers-we-love,Shell,103857,6286,103857,2013-12-15T14:31:41Z,2026-03-06T22:30:19Z
create-react-app,JavaScript,103825,27113,103825,2016-07-17T14:55:11Z,2026-03-06T21:40:30Z
tauri,Rust,103707,3422,103707,2019-07-13T09:09:37Z,2026-03-06T22:16:38Z
terminal,C++,102043,9111,102043,2017-08-11T18:38:22Z,2026-03-06T22:30:34Z
DeepSeek-V3,Python,101914,16548,101914,2024-12-26T09:52:40Z,2026-03-06T21:19:46Z
clash-verge-rev,TypeScript,100852,7337,100852,2023-11-21T18:24:03Z,2026-03-06T22:51:04Z
angular,TypeScript,100078,27100,100078,2014-09-18T16:12:01Z,2026-03-06T21:17:40Z
awesome-llm-apps,Python,100033,14531,100033,2024-04-29T05:30:25Z,2026-03-06T22:33:36Z
awesome-mac,JavaScript,99601,7451,99601,2016-07-17T15:33:47Z,2026-03-06T22:30:23Z
supabase,TypeScript,98629,11725,98629,2019-10-12T05:56:49Z,2026-03-06T22:38:02Z
HowToCook,Dockerfile,98562,10851,98562,2020-02-29T10:43:49Z,2026-03-06T21:03:18Z
every-programmer-should-know,Desconocido,98190,8666,98190,2017-08-24T13:18:26Z,2026-03-06T22:51:14Z
v2rayN,C#,98046,14245,98046,2019-07-30T03:47:24Z,2026-03-06T22:04:10Z
material-ui,JavaScript,98013,32713,98013,2014-08-18T19:11:54Z,2026-03-06T19:26:51Z
pytorch,Python,98004,27095,98004,2016-08-13T05:26:41Z,2026-03-06T22:27:20Z
ant-design,TypeScript,97682,54548,97682,2015-04-24T15:37:24Z,2026-03-06T22:23:34Z
neovim,Vim Script,96995,6626,96995,2014-01-31T13:39:22Z,2026-03-06T22:01:48Z
llama.cpp,C++,96973,15281,96973,2023-03-10T18:58:00Z,2026-03-06T22:39:58Z
gemini-cli,TypeScript,96701,11975,96701,2025-04-17T17:04:31Z,2026-03-06T22:51:37Z
fastapi,Python,95959,8793,95959,2018-12-08T08:21:47Z,2026-03-06T22:47:15Z
thefuck,Python,95619,3845,95619,2015-04-08T15:08:04Z,2026-03-06T22:26:25Z
whisper,Python,95544,11829,95544,2022-09-16T20:02:54Z,2026-03-06T22:52:05Z
Web-Dev-For-Beginners,JavaScript,95388,15209,95388,2020-11-10T02:44:00Z,2026-03-06T21:14:57Z
clean-code-javascript,JavaScript,94313,12503,94313,2016-11-25T22:25:41Z,2026-03-06T18:14:51Z
immich,TypeScript,94161,5021,94161,2022-02-03T15:56:27Z,2026-03-06T21:51:08Z
tailwindcss,TypeScript,93929,5097,93929,2017-10-06T14:59:14Z,2026-03-06T21:24:02Z
java-design-patterns,Java,93799,27378,93799,2014-08-09T16:45:18Z,2026-03-06T19:43:35Z
puppeteer,TypeScript,93730,9379,93730,2017-05-09T22:16:13Z,2026-03-06T21:39:58Z
nvm,Shell,92070,9935,92070,2010-04-15T17:47:47Z,2026-03-06T21:39:58Z
DeepSeek-R1,Desconocido,91928,11763,91928,2025-01-20T11:57:28Z,2026-03-06T18:19:32Z
app-ideas,Desconocido,90981,10309,90981,2019-02-25T18:36:56Z,2026-03-06T22:25:08Z
vue-element-admin,Vue,90289,30600,90289,2017-04-17T03:35:49Z,2026-03-06T12:50:10Z
markitdown,Python,90227,5302,90227,2024-11-13T19:56:40Z,2026-03-06T22:48:21Z
storybook,TypeScript,89368,9887,89368,2016-03-18T04:23:44Z,2026-03-06T21:30:07Z
firecrawl,TypeScript,88891,6232,88891,2024-04-15T21:02:29Z,2026-03-06T22:45:58Z
bitcoin,C++,88368,38793,88368,2010-12-19T15:16:43Z,2026-03-06T22:43:01Z
gin,Go,88207,8568,88207,2014-06-16T23:57:25Z,2026-03-06T16:07:33Z
bun,Zig,87925,4138,87925,2021-04-14T00:48:17Z,2026-03-06T21:55:14Z
NextChat,TypeScript,87442,60250,87442,2023-03-10T18:27:54Z,2026-03-06T19:25:34Z
LLMs-from-scratch,Jupyter Notebook,87301,13271,87301,2023-07-23T18:15:57Z,2026-03-06T22:20:40Z
django,Python,86995,33717,86995,2012-04-28T02:47:18Z,2026-03-06T22:35:59Z
hugo,Go,86937,8197,86937,2013-07-04T15:26:26Z,2026-03-06T22:36:43Z
mermaid,TypeScript,86523,8697,86523,2014-11-01T23:52:32Z,2026-03-06T19:33:33Z
opencv,C++,86466,56534,86466,2012-07-19T09:40:17Z,2026-03-06T20:59:35Z
svelte,JavaScript,86015,4796,86015,2016-11-20T18:13:05Z,2026-03-06T22:36:37Z
skills,Python,85934,9071,85934,2025-09-22T15:53:31Z,2026-03-06T22:51:23Z
weekly,Desconocido,85293,3897,85293,2018-10-13T12:36:07Z,2026-03-06T21:15:19Z
core,Python,85177,36917,85177,2013-09-17T07:29:48Z,2026-03-06T22:49:57Z
manim,Python,85001,7150,85001,2015-03-22T18:50:58Z,2026-03-06T22:25:31Z
ML-For-Beginners,Jupyter Notebook,84162,20170,84162,2021-03-03T01:34:05Z,2026-03-06T21:52:56Z
laravel,Blade,83912,24677,83912,2011-06-08T03:06:08Z,2026-03-06T21:24:21Z
uptime-kuma,JavaScript,83718,7480,83718,2021-07-03T01:02:42Z,2026-03-06T22:23:11Z
playwright,TypeScript,83638,5238,83638,2019-11-15T18:32:42Z,2026-03-06T21:40:14Z
awesome-for-beginners,Desconocido,83205,7776,83205,2015-10-24T19:53:36Z,2026-03-06T22:30:27Z
mall,Java,83038,29671,83038,2018-04-04T01:11:44Z,2026-03-06T16:41:09Z
realworld,TypeScript,82930,7572,82930,2016-02-26T20:49:53Z,2026-03-06T20:38:33Z
animate.css,CSS,82616,16088,82616,2011-10-12T10:07:38Z,2026-03-06T22:07:35Z
awesome-mcp-servers,Desconocido,82364,7869,82364,2024-11-30T04:49:10Z,2026-03-06T20:23:18Z
devops-exercises,Python,81405,18809,81405,2019-10-03T17:31:21Z,2026-03-06T21:33:16Z
awesome-interview-questions,Desconocido,81278,9377,81278,2015-11-28T09:48:17Z,2026-03-06T22:30:32Z
FiraCode,Clojure,81247,3180,81247,2014-11-11T19:32:38Z,2026-03-06T18:49:17Z
syncthing,Go,80568,4947,80568,2013-11-26T09:48:21Z,2026-03-06T22:41:20Z
uv,Rust,80392,2640,80392,2023-10-02T20:24:11Z,2026-03-06T21:53:44Z
servers,TypeScript,80360,9790,80360,2024-11-19T01:10:17Z,2026-03-06T22:52:10Z
spring-boot,Java,80183,41865,80183,2012-10-19T15:02:57Z,2026-03-06T19:50:35Z
system-design-101,Desconocido,80144,8791,80144,2023-09-18T20:52:03Z,2026-03-06T22:51:35Z
Deep-Live-Cam,Python,79877,11638,79877,2023-09-24T13:19:31Z,2026-03-06T19:40:41Z
browser-use,Python,79785,9429,79785,2024-10-31T16:00:56Z,2026-03-06T21:38:14Z
funNLP,Python,79227,15150,79227,2018-08-21T11:20:39Z,2026-03-06T17:28:06Z
advanced-java,Java,78886,19279,78886,2018-10-06T11:38:30Z,2026-03-06T16:04:24Z
github-readme-stats,JavaScript,78635,31338,78635,2020-07-09T10:34:22Z,2026-03-06T22:24:59Z
vite,TypeScript,78632,7884,78632,2020-04-21T05:03:57Z,2026-03-06T22:45:24Z
fzf,Go,78350,2701,78350,2013-10-23T16:04:23Z,2026-03-06T22:42:18Z
hoppscotch,TypeScript,78193,5622,78193,2019-08-21T13:15:24Z,2026-03-06T22:11:50Z
netdata,C,77971,6359,77971,2013-06-17T18:39:10Z,2026-03-06T22:44:20Z
models,Python,77690,45253,77690,2016-02-05T01:15:20Z,2026-03-06T21:40:43Z
gpt4all,C++,77200,8323,77200,2023-03-27T18:49:32Z,2026-03-06T21:27:26Z
LeetCodeAnimation,Java,76722,13991,76722,2018-12-06T08:01:22Z,2026-03-06T14:17:08Z
zed,Rust,76535,7228,76535,2021-02-20T03:01:06Z,2026-03-06T22:47:11Z
code-server,TypeScript,76509,6538,76509,2019-02-27T16:50:41Z,2026-03-06T21:37:57Z
cs-video-courses,Desconocido,76485,10341,76485,2016-10-21T17:02:11Z,2026-03-06T22:25:15Z
Font-Awesome,JavaScript,76397,12243,76397,2012-02-17T14:19:43Z,2026-03-06T18:58:46Z
elasticsearch,Java,76288,25809,76288,2010-02-08T13:20:56Z,2026-03-06T22:42:18Z
llm-course,Desconocido,76145,8784,76145,2023-06-17T22:16:25Z,2026-03-06T21:24:27Z
localsend,Dart,76064,4039,76064,2022-12-16T00:46:07Z,2026-03-06T22:50:26Z
d2l-zh,Python,76011,12137,76011,2017-08-23T04:40:24Z,2026-03-06T20:07:50Z
Best-websites-a-programmer-should-visit,Desconocido,75792,8571,75792,2017-03-05T20:25:17Z,2026-03-06T21:12:42Z
PayloadsAllTheThings,Python,75776,16711,75776,2016-10-18T07:29:07Z,2026-03-06T21:59:55Z
json-server,JavaScript,75642,7265,75642,2013-11-27T13:21:13Z,2026-03-06T22:01:13Z
Stirling-PDF,TypeScript,75015,6360,75015,2023-01-27T18:22:42Z,2026-03-06T21:42:08Z
nest,TypeScript,74874,8232,74874,2017-02-04T20:12:52Z,2026-03-06T18:19:38Z
Ventoy,C,74858,4701,74858,2020-03-10T15:19:19Z,2026-03-06T21:58:15Z
claude-code,Shell,74663,5980,74663,2025-02-22T17:41:21Z,2026-03-06T22:52:02Z
spec-kit,Python,74631,6365,74631,2025-08-21T22:54:31Z,2026-03-06T22:42:37Z
ragflow,Python,74291,8272,74291,2023-12-12T06:13:13Z,2026-03-06T21:24:28Z
union,Rust,74260,3851,74260,2023-05-16T22:33:39Z,2026-03-06T22:22:33Z
lazygit,Go,73641,2564,73641,2018-05-19T00:53:06Z,2026-03-06T22:07:33Z
awesome-vue,Desconocido,73626,9496,73626,2015-10-20T00:16:14Z,2026-03-06T22:25:39Z
sherlock,Python,73427,8715,73427,2018-12-24T14:30:48Z,2026-03-06T21:48:53Z
redis,C,73308,24509,73308,2009-03-21T22:32:25Z,2026-03-06T19:50:32Z
awesome-public-datasets,Desconocido,73291,11190,73291,2014-11-20T06:20:50Z,2026-03-06T22:36:34Z
lobehub,TypeScript,73199,14735,73199,2023-05-21T07:19:12Z,2026-03-06T22:40:22Z
the-algorithm,Scala,72848,13274,72848,2023-03-27T14:57:57Z,2026-03-06T21:03:07Z
tesseract,C++,72735,10531,72735,2014-08-12T18:04:59Z,2026-03-06T21:13:34Z
superpowers,Shell,72693,5586,72693,2025-10-09T19:45:18Z,2026-03-06T22:50:29Z
stable-diffusion,Jupyter Notebook,72635,10619,72635,2022-08-10T14:36:44Z,2026-03-06T17:15:40Z
grafana,TypeScript,72522,13512,72522,2013-12-11T15:59:56Z,2026-03-06T21:35:20Z
Front-End-Checklist,Desconocido,72319,6623,72319,2017-10-16T10:12:36Z,2026-03-06T21:37:45Z
awesome-react,Desconocido,72265,7514,72265,2014-08-06T05:31:44Z,2026-03-06T22:30:36Z
vllm,Python,72255,14031,72255,2023-02-09T11:23:20Z,2026-03-06T22:28:27Z
awesome-machine-learning,Python,71877,15333,71877,2014-07-15T19:11:19Z,2026-03-06T21:24:26Z
openai-cookbook,Jupyter Notebook,71869,12080,71869,2022-03-11T02:08:53Z,2026-03-06T22:43:18Z
cpython,Python,71868,34191,71868,2017-02-10T19:23:51Z,2026-03-06T21:57:55Z
screenshot-to-code,TypeScript,71808,8860,71808,2023-11-14T17:53:32Z,2026-03-06T22:16:18Z
imgui,C++,71759,11598,71759,2014-07-21T14:29:47Z,2026-03-06T21:58:34Z
PaddleOCR,Python,71699,9906,71699,2020-05-08T10:38:16Z,2026-03-06T22:33:26Z
cs-self-learning,HTML,71634,7847,71634,2021-10-20T13:43:42Z,2026-03-06T21:16:30Z
moby,Go,71487,18914,71487,2013-01-18T18:10:57Z,2026-03-06T19:22:27Z
strapi,TypeScript,71485,9528,71485,2015-09-30T15:34:48Z,2026-03-06T22:24:50Z
flask,Python,71333,16742,71333,2010-04-06T11:11:59Z,2026-03-06T19:57:42Z
Prompt-Engineering-Guide,MDX,71203,7587,71203,2022-12-16T16:04:50Z,2026-03-06T21:06:26Z
superset,TypeScript,70831,16765,70831,2015-07-21T18:55:34Z,2026-03-06T22:29:45Z
protobuf,C++,70807,16051,70807,2014-08-26T15:52:15Z,2026-03-06T21:41:40Z
obs-studio,C,70751,9057,70751,2013-10-01T02:40:31Z,2026-03-06T22:41:06Z
reveal.js,JavaScript,70674,16803,70674,2011-06-07T18:54:22Z,2026-03-06T20:42:17Z
caddy,Go,70628,4659,70628,2015-01-13T19:45:03Z,2026-03-06T22:52:15Z
gpt_academic,Python,70174,8402,70174,2023-03-20T09:05:13Z,2026-03-06T18:42:29Z
awesome-cpp,Desconocido,70055,8242,70055,2014-07-17T08:51:11Z,2026-03-06T22:30:41Z
swift,C++,69853,10675,69853,2015-10-23T21:15:07Z,2026-03-06T22:38:41Z
tabby,TypeScript,69333,3892,69333,2016-12-23T09:06:10Z,2026-03-06T19:08:02Z
SecLists,PHP,69283,24915,69283,2012-02-19T01:30:18Z,2026-03-06T22:51:18Z
act,Go,69176,1871,69176,2019-01-02T19:53:43Z,2026-03-06T20:06:51Z
awesome-scalability,Desconocido,69073,6855,69073,2017-12-27T03:46:40Z,2026-03-06T22:52:21Z
express,JavaScript,68868,22734,68868,2009-06-26T18:56:01Z,2026-03-06T20:24:31Z
node,Go,68708,3215,68708,2023-02-01T13:55:02Z,2026-03-06T16:26:08Z
OpenHands,Python,68676,8574,68676,2024-03-13T03:33:31Z,2026-03-06T22:29:28Z
AppFlowy,Dart,68424,4924,68424,2021-06-16T12:56:48Z,2026-03-06T22:13:28Z
ansible,Python,68219,24177,68219,2012-03-06T14:58:02Z,2026-03-06T22:23:09Z
LlamaFactory,Python,67980,8291,67980,2023-05-28T10:09:12Z,2026-03-06T21:32:02Z
Chart.js,JavaScript,67223,11988,67223,2013-03-17T23:56:36Z,2026-03-06T19:29:25Z
awesome-courses,Desconocido,66868,8335,66868,2014-11-15T18:36:49Z,2026-03-06T22:30:51Z
anime,JavaScript,66752,4464,66752,2016-03-13T21:37:45Z,2026-03-06T21:28:53Z
33-js-concepts,JavaScript,66263,9183,66263,2018-09-04T13:27:04Z,2026-03-06T16:44:09Z
webpack,JavaScript,66024,9304,66024,2012-03-10T10:08:14Z,2026-03-06T22:25:41Z
annotated_deep_learning_paper_implementations,Python,65871,6618,65871,2020-08-25T02:29:34Z,2026-03-06T20:58:50Z
echarts,TypeScript,65854,19831,65854,2013-04-03T03:18:59Z,2026-03-06T21:07:17Z
gpt4free,Python,65723,13661,65723,2023-03-29T17:00:43Z,2026-03-06T19:45:28Z
ChinaTextbook,Roff,65600,14621,65600,2020-01-05T04:11:06Z,2026-03-06T19:13:30Z
ghidra,Java,65435,7218,65435,2019-03-01T03:27:48Z,2026-03-06T22:26:34Z
scikit-learn,Python,65317,26748,65317,2010-08-17T09:43:38Z,2026-03-06T22:01:12Z
javascript-questions,Desconocido,65299,9236,65299,2019-06-12T08:26:27Z,2026-03-06T18:00:00Z
awesome-nodejs,Desconocido,65189,6182,65189,2014-07-11T13:35:34Z,2026-03-06T22:30:55Z
Java,Java,65164,21013,65164,2016-07-16T10:21:02Z,2026-03-06T20:34:43Z
interviews,Java,64974,12931,64974,2017-02-14T18:19:25Z,2026-03-06T19:47:47Z
design-resources-for-developers,Desconocido,64962,11990,64962,2020-05-06T14:40:35Z,2026-03-06T22:18:04Z
nocode,Dockerfile,64937,4809,64937,2018-02-06T23:54:00Z,2026-03-06T21:18:44Z
MetaGPT,Python,64825,8157,64825,2023-06-30T09:04:55Z,2026-03-06T21:02:21Z
Apollo-11,Assembly,64639,7375,64639,2014-04-03T15:45:02Z,2026-03-06T20:47:48Z
localstack,Python,64568,4590,64568,2016-10-25T23:48:03Z,2026-03-06T20:40:40Z
AFFiNE,TypeScript,64235,4492,64235,2022-07-31T18:45:21Z,2026-03-06T22:52:20Z
docusaurus,TypeScript,64015,9752,64015,2017-06-20T16:13:53Z,2026-03-06T22:24:09Z
keras,Python,63911,19714,63911,2015-03-28T00:35:42Z,2026-03-06T22:37:05Z
codex,Rust,63537,8437,63537,2025-04-13T05:37:54Z,2026-03-06T22:43:45Z
prometheus,Go,63076,10215,63076,2012-11-24T11:14:12Z,2026-03-06T22:05:12Z
everything-claude-code,JavaScript,62944,7786,62944,2026-01-18T00:51:51Z,2026-03-06T22:49:59Z
socket.io,TypeScript,62930,10140,62930,2010-03-11T18:24:48Z,2026-03-06T20:24:33Z
alacritty,Rust,62821,3324,62821,2016-02-18T05:02:30Z,2026-03-06T21:01:57Z
resume.github.com,JavaScript,62811,1365,62811,2011-02-06T13:39:55Z,2026-03-06T20:58:47Z
OpenBB,Python,62638,6128,62638,2020-12-20T10:46:38Z,2026-03-06T22:13:08Z
open-interpreter,Python,62563,5385,62563,2023-07-14T07:10:44Z,2026-03-06T20:57:32Z
daytona,TypeScript,62452,5068,62452,2024-02-06T08:21:20Z,2026-03-06T22:41:09Z
nocodb,TypeScript,62363,4653,62363,2017-10-29T18:51:48Z,2026-03-06T20:22:48Z
rustlings,Rust,62068,11167,62068,2015-09-15T02:25:18Z,2026-03-06T22:39:13Z
traefik,Go,62061,5860,62061,2015-09-13T19:04:02Z,2026-03-06T22:24:30Z
uBlock,JavaScript,61930,3967,61930,2015-04-01T17:51:11Z,2026-03-06T22:35:56Z
sway,Rust,61912,5429,61912,2021-01-19T20:54:33Z,2026-03-06T21:37:58Z
nerd-fonts,CSS,61893,3869,61893,2014-12-05T04:31:17Z,2026-03-06T22:13:00Z
lodash,JavaScript,61581,7124,61581,2012-04-07T04:11:46Z,2026-03-06T22:20:03Z
tldr,Markdown,61559,5102,61559,2013-12-08T07:34:43Z,2026-03-06T22:17:12Z
crawl4ai,Python,61461,6274,61461,2024-05-09T09:48:50Z,2026-03-06T22:30:17Z
redux,TypeScript,61438,15130,61438,2015-05-29T23:53:15Z,2026-03-06T21:32:32Z
ladybird,C++,61070,2842,61070,2024-05-30T09:18:10Z,2026-03-06T22:41:39Z
atom,JavaScript,60989,17277,60989,2012-01-20T18:18:21Z,2026-03-06T20:13:17Z
architect-awesome,Desconocido,60843,17801,60843,2018-04-06T13:30:58Z,2026-03-06T09:23:01Z
Front-end-Developer-Interview-Questions,Nunjucks,60797,11073,60797,2012-02-09T23:34:10Z,2026-03-06T21:07:47Z
scrapy,Python,60616,11341,60616,2010-02-22T02:01:14Z,2026-03-06T21:42:45Z
ripgrep,Rust,60606,2402,60606,2016-03-11T02:02:33Z,2026-03-06T22:40:46Z
leetcode-master,Shell,60595,12342,60595,2019-12-14T12:05:42Z,2026-03-06T16:48:26Z
minio,Go,60438,7188,60438,2015-01-14T19:23:58Z,2026-03-06T20:37:31Z
openpilot,Python,60237,10674,60237,2016-11-24T01:33:30Z,2026-03-06T21:27:28Z
markdown-here,JavaScript,60164,11122,60164,2012-05-13T03:27:22Z,2026-03-06T20:20:10Z
jquery,JavaScript,59853,20472,59853,2009-04-03T15:20:14Z,2026-03-06T15:04:44Z
nuxt,TypeScript,59799,5550,59799,2016-10-26T11:18:47Z,2026-03-06T22:00:56Z
spring-framework,Java,59710,38913,59710,2010-12-08T04:04:45Z,2026-03-06T16:51:44Z
drawio-desktop,JavaScript,59689,5597,59689,2017-05-25T20:58:42Z,2026-03-06T21:30:55Z
git,C,59514,27615,59514,2008-07-23T14:21:26Z,2026-03-06T21:26:38Z
Real-Time-Voice-Cloning,Python,59505,9421,59505,2019-05-26T08:56:15Z,2026-03-06T19:02:19Z
pathway,Python,59493,1611,59493,2022-11-27T13:01:14Z,2026-03-06T20:49:29Z
shadowsocks-windows,C#,59269,16305,59269,2013-01-14T07:54:16Z,2026-03-06T19:47:11Z
llama,Python,59197,9819,59197,2023-02-14T09:29:12Z,2026-03-06T20:09:52Z
awesome-flutter,Dart,59187,6862,59187,2017-05-07T11:45:27Z,2026-03-06T22:50:43Z
Magisk,Rust,59093,16900,59093,2016-09-08T12:42:53Z,2026-03-06T22:47:44Z
30-Days-Of-Python,Python,59091,11285,59091,2019-11-19T17:24:16Z,2026-03-06T21:43:38Z
angular.js,JavaScript,58923,27244,58923,2010-01-06T00:34:37Z,2026-03-05T13:52:42Z
cline,TypeScript,58699,5904,58699,2024-07-06T07:28:10Z,2026-03-06T21:49:09Z
awesome-chatgpt-prompts-zh,Desconocido,58573,13587,58573,2022-12-12T01:55:03Z,2026-03-06T19:00:31Z
rails,Ruby,58350,22172,58350,2008-04-11T02:19:47Z,2026-03-06T21:50:49Z
mkcert,Go,58271,3043,58271,2018-06-25T05:33:03Z,2026-03-06T21:40:23Z
FFmpeg,C,57622,13530,57622,2011-04-14T14:12:38Z,2026-03-06T22:38:33Z
bat,Rust,57544,1469,57544,2018-04-21T10:52:23Z,2026-03-06T21:42:05Z
memos,Go,57532,4152,57532,2021-12-08T15:30:18Z,2026-03-06T21:34:28Z
html5-boilerplate,JavaScript,57396,12308,57396,2010-01-24T18:03:24Z,2026-03-06T18:00:46Z
fuel-core,Rust,57336,2860,57336,2020-08-27T21:12:14Z,2026-03-06T21:37:59Z
astro,TypeScript,57318,3195,57318,2021-03-15T17:19:47Z,2026-03-06T21:24:44Z
zustand,TypeScript,57266,1966,57266,2019-04-09T09:10:06Z,2026-03-06T22:50:31Z
DeepLearning-500-questions,JavaScript,57182,15973,57182,2018-06-27T06:36:45Z,2026-03-06T16:20:01Z
private-gpt,Python,57154,7611,57154,2023-05-02T09:15:31Z,2026-03-06T18:38:52Z
yolov5,Python,56936,17426,56936,2020-05-18T03:45:11Z,2026-03-06T20:25:05Z
you-get,Python,56765,9785,56765,2012-08-20T15:53:36Z,2026-03-06T05:47:22Z
pocketbase,Go,56583,3166,56583,2022-07-05T06:06:21Z,2026-03-06T22:23:51Z
vaultwarden,Rust,56400,2602,56400,2018-02-17T22:40:20Z,2026-03-06T21:44:02Z
react-router,TypeScript,56281,10830,56281,2014-05-16T22:22:51Z,2026-03-06T21:36:37Z
meilisearch,Rust,56202,2399,56202,2018-04-23T11:45:28Z,2026-03-06T20:51:28Z
llm-app,Jupyter Notebook,56193,1366,56193,2023-07-19T08:43:37Z,2026-03-06T20:49:27Z
face_recognition,Python,56181,13710,56181,2017-03-03T21:52:39Z,2026-03-06T22:07:45Z
awesome-rust,Rust,56015,3199,56015,2014-07-17T10:45:10Z,2026-03-06T22:31:06Z
pi-hole,Shell,55998,2993,55998,2014-06-08T15:02:55Z,2026-03-06T20:33:48Z
gatsby,JavaScript,55944,10219,55944,2015-05-21T22:43:05Z,2026-03-06T21:32:04Z
rclone,Go,55883,4947,55883,2014-03-16T16:19:57Z,2026-03-06T22:23:58Z
leetcode,JavaScript,55819,9443,55819,2018-03-30T09:13:51Z,2026-03-06T19:33:43Z
anything-llm,JavaScript,55771,6030,55771,2023-06-04T02:29:14Z,2026-03-06T22:25:47Z
rich,Python,55701,2058,55701,2019-11-10T15:28:09Z,2026-03-06T22:16:11Z
MinerU,Python,55620,4609,55620,2024-02-29T08:52:34Z,2026-03-06T22:23:42Z
awesome-android-ui,Desconocido,55572,10268,55572,2014-12-24T01:45:03Z,2026-03-06T22:31:11Z
GPT-SoVITS,Python,55554,6068,55554,2024-01-14T18:05:21Z,2026-03-06T21:34:26Z
github-cheat-sheet,Desconocido,55519,5400,55519,2014-04-12T16:38:42Z,2026-03-06T22:31:16Z
project-layout,Makefile,55503,5436,55503,2017-09-09T16:33:26Z,2026-03-06T19:47:15Z
autogen,Python,55247,8302,55247,2023-08-18T11:43:45Z,2026-03-06T20:22:28Z
gpt-engineer,Python,55216,7322,55216,2023-04-29T12:52:15Z,2026-03-06T21:49:40Z
hackingtool,Python,55175,6010,55175,2020-04-11T09:21:31Z,2026-03-06T21:35:46Z
docling,Python,55086,3705,55086,2024-07-09T07:50:26Z,2026-03-06T22:16:18Z
OpenManus,Python,55067,9634,55067,2025-03-06T14:08:14Z,2026-03-06T22:21:08Z
appwrite,TypeScript,55038,5036,55038,2019-04-08T16:36:25Z,2026-03-06T21:02:42Z
faceswap,Python,55020,13419,55020,2017-12-19T09:44:13Z,2026-03-06T22:07:46Z
starship,Rust,54570,2398,54570,2019-04-02T03:23:12Z,2026-03-06T22:45:42Z
ChatGPT,Rust,54375,6196,54375,2022-12-07T09:43:02Z,2026-03-06T22:13:38Z
marktext,JavaScript,54246,4013,54246,2017-11-12T16:05:25Z,2026-03-06T19:52:41Z
nanoGPT,Python,54216,9197,54216,2022-12-28T00:51:12Z,2026-03-06T22:02:06Z
element,Vue,54206,14545,54206,2016-09-03T06:19:26Z,2026-03-06T16:42:03Z
gitea,Go,54141,6429,54141,2016-11-01T02:13:26Z,2026-03-06T22:09:29Z
maybe,Ruby,54049,5405,54049,2024-01-01T22:23:46Z,2026-03-06T20:57:05Z
ultralytics,Python,54012,10385,54012,2022-09-11T16:39:45Z,2026-03-06T22:47:39Z
requests,Python,53860,9769,53860,2011-02-13T18:38:17Z,2026-03-06T21:33:18Z
normalize.css,CSS,53755,10468,53755,2011-05-04T10:20:25Z,2026-03-05T23:18:00Z
joplin,TypeScript,53753,5889,53753,2017-01-16T21:49:41Z,2026-03-06T22:20:13Z
segment-anything,Jupyter Notebook,53582,6262,53582,2023-03-23T17:03:03Z,2026-03-06T15:40:08Z
dive,Go,53498,1953,53498,2018-05-13T15:44:01Z,2026-03-06T22:25:13Z
unsloth,Python,53439,4438,53439,2023-11-29T16:50:09Z,2026-03-06T22:25:49Z
powerlevel10k,Shell,53220,2392,53220,2019-02-24T19:09:45Z,2026-03-06T22:13:34Z
ai-agents-for-beginners,Jupyter Notebook,53205,18472,53205,2024-11-28T10:42:52Z,2026-03-06T22:37:45Z
core,TypeScript,53154,9063,53154,2018-06-12T13:49:36Z,2026-03-06T21:27:32Z
trackerslist,Desconocido,53103,6639,53103,2016-04-24T11:57:57Z,2026-03-06T21:29:20Z
material-design-icons,Desconocido,52949,9731,52949,2014-10-08T18:01:28Z,2026-03-06T14:34:52Z
pdf.js,JavaScript,52930,10588,52930,2011-04-26T06:32:03Z,2026-03-06T15:04:20Z
first-contributions,Desconocido,52864,99112,52864,2016-09-20T14:35:09Z,2026-03-06T22:28:50Z
ImHex,C++,52797,2343,52797,2020-11-10T14:27:00Z,2026-03-06T20:40:11Z
n8n-workflows,Python,52566,6747,52566,2025-05-14T08:43:59Z,2026-03-06T22:46:40Z
kotlin,Kotlin,52427,6242,52427,2012-02-13T17:29:58Z,2026-03-06T22:17:49Z
ionic-framework,TypeScript,52387,13387,52387,2013-08-20T23:06:02Z,2026-03-06T21:27:14Z
Free-Certifications,Desconocido,52348,3479,52348,2020-07-31T10:26:19Z,2026-03-06T22:31:20Z
Docker-OSX,Shell,52230,2902,52230,2020-06-04T11:01:37Z,2026-03-06T21:06:16Z
Ghost,JavaScript,51975,11354,51975,2013-05-04T11:09:13Z,2026-03-06T21:25:50Z
typst,Rust,51842,1493,51842,2019-09-24T21:41:56Z,2026-03-06T22:35:11Z
v2rayNG,Kotlin,51761,6993,51761,2019-05-15T02:15:31Z,2026-03-06T20:49:11Z
PowerShell,C#,51751,8202,51751,2016-01-13T23:41:35Z,2026-03-06T22:51:07Z
prettier,JavaScript,51736,4662,51736,2016-11-29T17:13:37Z,2026-03-06T22:04:11Z
etcd,Go,51621,10335,51621,2013-07-06T21:57:21Z,2026-03-06T21:23:51Z
termux-app,Java,51563,6141,51563,2015-10-23T09:42:46Z,2026-03-06T22:39:09Z
grok-1,Python,51530,8486,51530,2024-03-17T08:53:38Z,2026-03-06T16:31:07Z
guava,Java,51485,11141,51485,2014-05-29T16:23:17Z,2026-03-06T22:42:10Z
awesome-ios,Swift,51468,6956,51468,2014-07-10T16:03:45Z,2026-03-06T22:31:24Z
coolify,PHP,51429,3746,51429,2021-01-25T20:54:01Z,2026-03-06T22:36:51Z
jekyll,Ruby,51428,10291,51428,2008-10-20T06:29:03Z,2026-03-06T20:12:08Z
Semantic-UI,JavaScript,51138,4903,51138,2013-04-08T23:32:04Z,2026-03-06T15:33:19Z
chinese-poetry,JavaScript,51032,10318,51032,2016-09-02T03:32:25Z,2026-03-06T19:46:41Z
DefinitelyTyped,TypeScript,51015,30554,51015,2012-10-05T16:39:45Z,2026-03-06T21:09:28Z
Motrix,JavaScript,50988,4825,50988,2018-12-18T11:45:05Z,2026-03-06T22:19:57Z
go-ethereum,Go,50895,21829,50895,2013-12-26T13:05:46Z,2026-03-06T20:50:38Z
awesome-wechat-weapp,Desconocido,50580,9019,50580,2016-09-22T20:04:48Z,2026-03-06T09:02:52Z
professional-programming,Python,50531,3965,50531,2015-11-07T05:07:52Z,2026-03-06T22:21:03Z
hiring-without-whiteboards,JavaScript,50470,3882,50470,2017-03-15T05:09:01Z,2026-03-06T22:16:25Z
Flowise,TypeScript,50454,23887,50454,2023-03-31T12:23:09Z,2026-03-06T22:30:11Z
windows,Shell,50246,4078,50246,2024-01-14T13:09:40Z,2026-03-06T20:04:52Z
bulma,CSS,50058,3905,50058,2016-01-23T23:48:34Z,2026-03-06T15:32:42Z
MoneyPrinterTurbo,Python,50027,7100,50027,2024-03-11T02:57:34Z,2026-03-06T21:20:31Z
lazydocker,Go,50002,1578,50002,2019-05-18T08:53:50Z,2026-03-06T22:03:08Z
100-Days-Of-ML-Code,Desconocido,49768,11320,49768,2018-07-05T09:11:43Z,2026-03-06T19:09:14Z
mastodon,Ruby,49712,7407,49712,2016-02-22T15:01:25Z,2026-03-06T20:08:01Z
cypress,TypeScript,49597,3401,49597,2015-03-04T00:46:28Z,2026-03-06T21:28:25Z
hacker-scripts,JavaScript,49434,6670,49434,2015-11-21T19:05:09Z,2026-03-06T21:24:08Z
odoo,Python,49340,31722,49340,2014-05-13T15:38:58Z,2026-03-06T22:33:56Z
lx-music-desktop,TypeScript,49169,6654,49169,2019-08-14T14:31:08Z,2026-03-06T22:16:20Z
open-source-ios-apps,Desconocido,49125,5730,49125,2015-01-26T23:32:34Z,2026-03-06T22:48:45Z
alist,Go,49118,7982,49118,2020-12-23T17:40:29Z,2026-03-06T20:05:06Z
jellyfin,C#,49103,4508,49103,2018-12-09T06:36:45Z,2026-03-06T22:49:09Z
json,C++,49042,7324,49042,2013-07-04T08:47:49Z,2026-03-06T21:57:09Z
dbeaver,Java,48969,4061,48969,2015-10-21T08:26:28Z,2026-03-06T21:42:29Z
mem0,Python,48917,5452,48917,2023-06-20T08:58:36Z,2026-03-06T21:42:59Z
huginn,Ruby,48819,4225,48819,2013-03-10T06:00:31Z,2026-03-06T22:23:32Z
query,TypeScript,48716,3721,48716,2019-09-10T19:23:58Z,2026-03-06T21:43:49Z
winutil,PowerShell,48639,2568,48639,2022-04-28T02:25:19Z,2026-03-06T21:39:39Z
dayjs,JavaScript,48581,2423,48581,2018-04-10T09:26:44Z,2026-03-06T10:09:42Z
julia,Julia,48542,5749,48542,2011-04-21T07:01:50Z,2026-03-06T22:14:50Z
RxJava,Java,48490,7600,48490,2013-01-08T20:11:48Z,2026-03-06T11:40:43Z
algorithm-visualizer,JavaScript,48370,7578,48370,2016-05-15T00:27:45Z,2026-03-06T20:39:36Z
TrendRadar,Python,48120,22499,48120,2025-04-28T11:42:16Z,2026-03-06T19:35:53Z
pandas,Python,48072,19722,48072,2010-08-24T01:37:33Z,2026-03-06T22:11:16Z
moment,JavaScript,48055,7020,48055,2011-03-01T02:46:06Z,2026-03-06T12:16:43Z
context7,TypeScript,47955,2264,47955,2025-03-26T23:40:39Z,2026-03-06T22:34:06Z
terraform,Go,47891,10235,47891,2014-03-13T22:25:48Z,2026-03-06T19:32:10Z
x64dbg,C++,47835,2682,47835,2015-04-11T20:48:23Z,2026-03-06T20:17:07Z
Fooocus,Python,47815,7808,47815,2023-08-09T18:43:40Z,2026-03-06T22:37:28Z
type-challenges,TypeScript,47779,5219,47779,2020-07-23T14:33:11Z,2026-03-06T20:45:47Z
expo,TypeScript,47745,11240,47745,2016-08-15T17:14:25Z,2026-03-06T21:44:38Z
open-source-mac-os-apps,Desconocido,47717,2480,47717,2017-11-03T02:35:33Z,2026-03-06T22:36:28Z
kubernetes-the-hard-way,Desconocido,47656,15544,47656,2016-07-07T14:15:27Z,2026-03-06T20:15:40Z
design-patterns-for-humans,Desconocido,47607,5504,47607,2017-02-16T21:24:39Z,2026-03-06T15:41:01Z
big-list-of-naughty-strings,Python,47605,2163,47605,2015-08-08T20:57:20Z,2026-03-06T14:07:38Z
htmx,JavaScript,47561,1569,47561,2020-04-13T16:17:51Z,2026-03-06T22:02:46Z
gogs,Go,47549,5063,47549,2014-02-12T01:57:08Z,2026-03-06T19:47:11Z
jadx,Java,47536,5440,47536,2013-03-18T17:08:21Z,2026-03-06T21:12:14Z
Projects,Desconocido,47451,10668,47451,2013-07-04T13:37:27Z,2026-03-06T14:11:58Z
llama_index,Python,47424,6916,47424,2022-11-02T04:24:54Z,2026-03-06T21:34:24Z
freqtrade,Python,47407,9905,47407,2017-05-17T23:48:53Z,2026-03-06T22:43:47Z
whisper.cpp,C++,47284,5267,47284,2022-09-25T18:26:37Z,2026-03-06T22:19:09Z
awesome-java,Desconocido,47221,7641,47221,2014-07-09T10:12:43Z,2026-03-06T22:31:40Z
chinese-independent-developer,Desconocido,47016,3970,47016,2017-09-21T11:08:23Z,2026-03-06T13:56:34Z
react,JavaScript,46983,4292,46983,2018-06-02T04:08:16Z,2026-03-06T14:16:05Z
awesome-react-components,Desconocido,46969,3721,46969,2016-06-24T15:19:33Z,2026-03-06T22:31:44Z
PythonDataScienceHandbook,Jupyter Notebook,46968,18756,46968,2016-08-10T14:24:36Z,2026-03-06T22:27:22Z
serverless,JavaScript,46945,5736,46945,2015-04-21T03:48:40Z,2026-03-06T15:13:04Z
v2ray-core,Go,46928,8885,46928,2015-09-04T11:42:53Z,2026-03-06T17:50:05Z
quill,TypeScript,46922,3626,46922,2012-07-30T23:23:18Z,2026-03-06T15:26:42Z
okhttp,Kotlin,46914,9268,46914,2012-07-23T13:42:55Z,2026-03-06T22:37:15Z
brew,Ruby,46871,10980,46871,2016-03-06T05:08:38Z,2026-03-06T22:40:56Z
pixijs,TypeScript,46692,4981,46692,2013-01-21T22:40:50Z,2026-03-06T20:12:22Z
Made-With-ML,Jupyter Notebook,46645,7309,46645,2018-11-05T03:44:27Z,2026-03-06T22:14:46Z
discourse,Ruby,46511,8823,46511,2013-01-12T00:25:55Z,2026-03-06T22:29:16Z
Pake,Rust,46491,9090,46491,2022-10-14T09:32:57Z,2026-03-06T21:00:05Z
OpenCut,TypeScript,46396,4773,46396,2025-06-22T08:02:17Z,2026-03-06T20:01:23Z
metabase,Clojure,46317,6280,46317,2015-02-02T19:25:47Z,2026-03-06T21:21:44Z
ai-hedge-fund,Python,46316,8090,46316,2024-11-29T16:30:01Z,2026-03-06T22:50:47Z
awesome-design-patterns,Desconocido,46297,3217,46297,2018-06-04T17:47:48Z,2026-03-06T22:31:48Z
plane,TypeScript,46284,3639,46284,2022-11-19T12:55:01Z,2026-03-06T22:38:47Z
ClickHouse,C++,46211,8147,46211,2016-06-02T08:28:18Z,2026-03-06T22:28:18Z
learn-regex,Desconocido,46160,6210,46160,2017-07-22T12:21:03Z,2026-03-06T22:37:25Z
text-generation-webui,Python,46158,5892,46158,2022-12-21T04:17:37Z,2026-03-06T22:25:34Z
30-Days-Of-JavaScript,JavaScript,46155,10428,46155,2019-12-23T14:07:40Z,2026-03-06T17:49:50Z
frontend-dev-bookmarks,Desconocido,46139,5151,46139,2013-06-22T13:23:55Z,2026-03-06T22:31:52Z
ruff,Rust,46139,1817,46139,2022-08-09T17:17:44Z,2026-03-06T22:23:44Z
acme.sh,Shell,45865,5534,45865,2015-12-26T12:56:33Z,2026-03-06T22:40:04Z
AI-For-Beginners,Jupyter Notebook,45862,9343,45862,2021-03-03T16:27:36Z,2026-03-06T22:26:43Z
monaco-editor,JavaScript,45684,4000,45684,2016-06-07T16:56:31Z,2026-03-06T20:43:01Z
tldraw,TypeScript,45671,3050,45671,2021-05-09T11:48:37Z,2026-03-06T22:14:43Z
ghostty,Zig,45596,1809,45596,2022-03-29T17:38:26Z,2026-03-06T22:11:25Z
architecture-samples,Kotlin,45594,11864,45594,2016-02-05T13:42:07Z,2026-03-06T22:36:30Z
GitHubDaily,Desconocido,45484,4563,45484,2018-12-30T13:56:58Z,2026-03-06T19:05:32Z
prisma,TypeScript,45460,2098,45460,2019-06-20T13:33:47Z,2026-03-06T22:09:28Z
awesome-cheatsheets,JavaScript,45447,6659,45447,2017-11-09T02:47:15Z,2026-03-06T22:20:42Z
JeecgBoot,Java,45348,15829,45348,2018-11-26T10:40:00Z,2026-03-06T20:25:20Z
AdminLTE,CSS,45317,18269,45317,2013-12-25T02:52:40Z,2026-03-06T13:28:12Z
jest,TypeScript,45315,6638,45315,2013-12-10T00:18:04Z,2026-03-06T21:40:09Z
crewAI,Python,45313,6077,45313,2023-10-27T03:26:59Z,2026-03-06T22:50:26Z
nvm-windows,Go,45257,3747,45257,2014-09-20T16:37:28Z,2026-03-06T21:27:43Z
zx,JavaScript,45250,1216,45250,2021-05-05T05:50:01Z,2026-03-06T16:34:00Z
MediaCrawler,Python,44955,9792,44955,2023-06-09T12:14:34Z,2026-03-06T22:13:29Z
bevy,Rust,44911,4426,44911,2020-01-18T21:13:55Z,2026-03-06T21:58:39Z
Rocket.Chat,TypeScript,44831,13346,44831,2015-05-19T07:36:09Z,2026-03-06T22:21:46Z
CppCoreGuidelines,CSS,44817,5542,44817,2015-08-19T20:22:52Z,2026-03-06T18:14:34Z
meteor,JavaScript,44777,5266,44777,2012-01-19T01:58:17Z,2026-03-06T21:32:09Z
spotube,Dart,44770,1996,44770,2021-02-14T03:17:58Z,2026-03-06T22:41:20Z
TTS,Python,44735,5983,44735,2020-05-20T15:45:28Z,2026-03-06T22:14:53Z
hyper,TypeScript,44703,3545,44703,2016-07-01T06:01:21Z,2026-03-06T16:59:37Z
slidev,TypeScript,44659,1953,44659,2021-04-24T01:25:23Z,2026-03-06T22:28:06Z
nanochat,Python,44617,5906,44617,2025-10-13T13:46:35Z,2026-03-06T22:20:27Z
penpot,Clojure,44609,2557,44609,2015-12-29T22:09:07Z,2026-03-06T21:12:49Z
Leaflet,JavaScript,44600,6100,44600,2010-09-22T16:57:44Z,2026-03-06T20:34:25Z
legado,Kotlin,44590,4924,44590,2019-05-22T04:18:58Z,2026-03-06T22:50:44Z
react-hook-form,TypeScript,44562,2361,44562,2019-03-05T23:47:10Z,2026-03-06T16:39:17Z
airflow,Python,44519,16608,44519,2015-04-13T18:04:58Z,2026-03-06T21:42:31Z
grpc,C++,44450,11076,44450,2014-12-08T18:58:53Z,2026-03-06T22:33:21Z
edex-ui,JavaScript,44384,3031,44384,2017-01-28T09:35:02Z,2026-03-06T20:51:28Z
pyenv,Shell,44368,3241,44368,2012-08-31T06:57:52Z,2026-03-06T21:34:44Z
reactjs-interview-questions,JavaScript,44324,10299,44324,2018-05-31T17:17:01Z,2026-03-06T18:48:41Z
awesome-compose,HTML,44257,8063,44257,2020-02-13T08:51:42Z,2026-03-06T22:31:57Z
build-web-application-with-golang,Go,44159,10539,44159,2012-08-02T11:49:35Z,2026-03-06T09:49:11Z
parcel,JavaScript,44048,2277,44048,2017-08-07T16:36:47Z,2026-03-05T16:04:07Z
EasySpider,JavaScript,44028,5382,44028,2020-07-18T02:41:27Z,2026-03-06T16:18:39Z
iina,Swift,43982,2765,43982,2016-12-19T07:18:45Z,2026-03-06T22:42:39Z
react-use,TypeScript,43947,3280,43947,2018-10-27T10:16:05Z,2026-03-06T14:06:28Z
awesome-remote-job,Desconocido,43924,4486,43924,2015-01-02T00:31:34Z,2026-03-06T22:32:01Z
retrofit,HTML,43902,7355,43902,2010-09-06T21:39:43Z,2026-03-06T09:47:21Z
babel,TypeScript,43893,5806,43893,2014-09-28T13:38:23Z,2026-03-06T08:48:21Z
front-end-interview-handbook,MDX,43872,5943,43872,2018-01-13T19:40:08Z,2026-03-06T19:12:58Z
TensorFlow-Examples,Jupyter Notebook,43800,14802,43800,2015-11-11T14:21:19Z,2026-03-06T07:55:55Z
streamlit,Python,43768,4113,43768,2019-08-24T00:14:52Z,2026-03-06T22:48:17Z
upscayl,TypeScript,43762,2114,43762,2022-07-30T17:19:20Z,2026-03-06T22:30:11Z
Summer2026-Internships,Python,43679,3171,43679,2020-05-23T20:53:18Z,2026-03-06T22:31:43Z
jsoncrack.com,TypeScript,43412,3486,43412,2022-01-30T15:25:18Z,2026-03-06T22:18:19Z
fuels-rs,Rust,43398,1359,43398,2021-10-31T22:33:54Z,2026-03-06T21:38:00Z
cobra,Go,43397,3066,43397,2013-09-03T20:40:26Z,2026-03-06T20:39:42Z
fuels-ts,TypeScript,43352,1367,43352,2021-09-03T18:11:03Z,2026-03-06T21:38:01Z
LocalAI,Go,43345,3642,43345,2023-03-18T22:58:02Z,2026-03-06T21:05:37Z
TrafficMonitor,C++,43317,3611,43317,2017-07-30T02:51:17Z,2026-03-06T19:47:09Z
sentry,Python,43287,4621,43287,2010-08-30T22:06:41Z,2026-03-06T22:34:40Z
helix,Rust,43266,3335,43266,2020-06-01T04:26:56Z,2026-03-06T22:13:01Z
milvus,Go,43172,3870,43172,2019-09-16T06:43:43Z,2026-03-06T20:15:29Z
copyparty,Python,42975,1757,42975,2019-05-26T15:28:33Z,2026-03-06T22:50:00Z
pm2,JavaScript,42974,2687,42974,2013-05-21T03:25:25Z,2026-03-06T20:54:19Z
